name,count
1 HP 460v 1760 RPM 1 PH blower motor SKU: 2553,0
1.5 HP 1750 RPM 115/230v fan motor,0
1.5 Hp Condensin Unit,0
1” Gas Regulator,0
1” Gas Regulator REG010,0
1”x3/4” union,0
1/12 hp 115/220V Evap fan motor,0
1/18 x 3/4 insulation,0
1/2 acr,0
1/2 AMP fuses Fuse022,0
1/2 brass 90 fitting,0
1/2 gallon Simple Green cleaner,0
1/2 HP 1075 RPM CFM,0
1/2 hp 3in1capacitor 120v,0
1/2 hp 3n1,0
1/2 hp starter,0
1/2 inch copper tubing,0
1/2 nipples,0
1/2 roll of insulation tape,0
1/2 water tube,0
"1/2"" copper 1'",0
"1/2"" service tee",0
"1/2"" softroll",0
1/2” 6” soft pipe and coupling,0
1/2” Band seal coupler,0
1/2” brass splicer,0
1/2” copper,0
1/2” copper pipe,0
"1/2” Dryer (EK-304)emerson, 1 pice",0
1/2” fittings,0
1/2” Gas Regulator,0
1/2” Gas Regulator RV48L,0
1/2” LP Regulator REG005,0
1/2” non-metallic whip kit,0
1/2” pipe,0
1/2” to 3/4” coupling,0
1/2” tubing clamp,0
1/2” Vinyl Tubing (small piece),0
1/2” x 3” nipples,0
1/2” x 3/8” Bushing,0
1/2”X4” carriage bolts and fasteners Quantity 4,0
1/20 Hp Fan Motor,0
1/3 hp 115V Pump electric motor,0
1/3 hp 208v 2amp 1075rpm,0
1/3 hp 404a compressor # AE4402-AA1A,0
1/3 hp compressor,0
1/3 hp compressor 115 volts,0
1/3 hp Marathon motor,0
1/3 hp motor,0
1/3 Hp Tecumseh Compressor,0
1/3 hp 115 volt 2spd motor,0
1/3 Hp 115V Med Temp Comp,0
1/3 HP 115v motor,0
1/3 hp Compressor,0
1/3 hp Med Temp 120V R134a compressor,0
1/4 access valve,0
1/4 Caps,0
1/4 cooper tubing,0
1/4 copper 1',0
1/4 copper pipe,0
1/4 copper tubing.,0
1/4 hp 220V Condenser fan motor,0
1/4 liquid line filter drier,0
1/4 needle valve,0
1/4 pipe clamp,0
1/4 screws,0
1/4 service t,0
1/4 solenoid valve,0
1/4 threaded rivets,0
1/4 TON R-404a Expansion valve,0
"1/4"" access fittings",0
"1/4"" access ports",0
"1/4"" copper 4'",0
"1/4"" copper 5'",0
"1/4"" service port",0
"1/4"" soft roll 4ft",0
"1/4"" woodruff key",0
1/4” 032 Liquid line drier filter,0
1/4” access ports part# A31004,0
1/4” access valve,0
1/4” Brass fittings,0
1/4” Braze Tee,0
1/4” copper,0
1/4” copper pipe,0
1/4” copper pipe 6’ feet,0
1/4” copper tube extension part#A31004,0
1/4” couplings,0
1/4” drier filter,0
1/4” factory OEM filter drier,0
1/4” Filter drier,0
1/4” filter drier part# 063208,0
1/4” Fittings,0
1/4” liquid line drier,0
1/4” Liquid line drier filter,0
1/4” Pipe and Service port,0
1/4” ports,0
1/4” screw,0
1/4” service port,0
1/4” Solenoid Valve and 115v Coil,0
1/4” Te service port,0
1/4” tubing 7”,0
1/4” water inlet line adapters,0
1/8 access port,0
1/8 x 1/2 “ pipe insulation,0
1/8 x 1/2 “ split insulation,0
"1/8""x3/4""x6' insulation",0
1/8” Insulation,0
1/8” offset door hinge,0
1/8” x 3/4” insualtion,0
1/8” x 3/4” insulation,0
1/8” x 7/8” Bushing,0
1/8access port,0
10 amp fuse,0
10 mfd cap,0
10 uf run capacitors,0
10” evap fan blade,0
100 amp fuse,0
1094 door closer,0
11068 start cap,0
115v .5a condenser fan motor,0
115v 12' drain line heater,0
115v 16w ccw fan motor,0
115v 16watt motor,0
115v 18w fan motor,0
115v 2 pole switch,0
115V 30A 2Poles Contactor,0
115v 404a compressor,0
115v 6w fan motor,0
115V 9W condenser fan motor,0
115V 9W CW fan motor,0
115v 9w Evaporator motor,0
115V 9W fan motor,0
115v 9watt fan motor,0
115v 9watt motor,0
115v compressor,0
115v condensate pump,0
115V condenser fan motor,0
115v cord,0
115v defrost heater,0
115v evap fan motor,0
115V fan motor,0
115v glycol motor,0
115v power cord,0
115v power plug,0
115v refrigeration thermostat,0
115v submersible pump,0
"115v wall socket 2 gang, 1 set",0
115v water inlet valve,0
"115v, 16 watts fan motor",0
12 awg wire,0
"12"" cw fan blade",0
"12"" fan blade",0
"12"" fan blade hub",0
120 volt LED light strip,0
120/240v Intermatic Defrost Clock part# DTAV40,0
120v .5amp fan motors,0
120V Condensate Pump,0
120v dixal,0
120v dixal controler,0
120v dixall control,0
120V Dixell Controller,0
120V Dixell controller and temp probe,0
120v Dixell controls part# XR60CX-4N1F UR 943-029 00,0
120V Dixell digital controller,0
120V Dixell digital controller and temp probe,0
120V Dixell Digital Controller and temp sensor,0
120V Dixell digital temp controller,0
120V Dixell Temp Controller and Temp Probe,0
120v drain heater,0
120V Dual Blower,0
120v Solenoid Valve,0
120v universal controller,0
12248 Mars Run capacitor 45 MFD 440/370 VAC,0
125V Power Cord,0
127 pound mo99 refrigerant added.,0
12A-1560 Tstat switch,0
12G wire,0
12v hybrid contactor relay,0
14251 cap.,0
15 amp gfci outlet,0
15 amp SC fuses part# SC-15,0
15 uf run cap,0
15-traulsen 342-603222-05 gaskets,0
15411 Jard 115 volt 9w fan motor,0
1550rpm unit bearing motor x2,0
1560 thermostat,0
15amp 120volt 3 wire plug,0
15amp fuse,0
15amp Fuses ALTFU-34772,0
15mfd run cap,0
16 watt Fan Motor,0
16×24×2 filter,0
163s drier,0
16g wire,0
16W 220V Fan motor,0
16watt 115v CW ball bearing motor part# S8 928,0
18/8 thermostat wire,0
1845-20 Paragon Defrost Timer,0
189//213 mfd start cap,0
19166 relay,0
1ars 20211 drier,0
1ars 61447 contactor,0
2' 3/4 copper,0
2” 3/4” coupling,0
2” coupler spacer,0
20 amp fuses part#CCMR 20A,0
208 240 v coil contactor,0
208 3 pole contactor,0
208 3pole contact,0
208-220v solenoid magnet,0
208-230 condenser fan motor,0
208v coil contactor,0
208v compressor,0
208v condensate pan,0
208v motor,0
20AMP FUSE,0
20AMP Fuse FPK-R-20A,0
20amp GFCI 792UK0,0
20x2 filters,0
20x2 MERV13 Fikters,0
20x2 MERV8 filters,0
22’lift low profile condensate pump,0
220V 12ft Drain Heater,0
220V 16W Condenser fan motor,0
220V 30A Contactor,0
220V 40A Contactor,0
220V Dixell Digital Temp Controller,0
230V 1/15Hp Fan Motor,0
230V 1075rpm 2.8v motors.,0
230V 2pole contactor,0
230V 404a compressor,0
230V condensate pan supco,0
230V dixall control,0
230V Drain heater,0
230V Mars fan motor,0
230volt Contactor 61757,0
24” faucet connector,0
240 to 12 transformer,0
240v dixall,0
240V Drain Heater,0
24v coil 2 pole contactor,0
24v SPST switching relay,0
25 uf run cap,0
25×20×2 filters,0
250v 2amp fuse,0
27-031 gaskets,0
270-324mf 330v start capacitor,0
277 true gaskets,0
2amp glass fuse,0
2hp motor,0
3 pole 240v 30 amp contactor,0
3 poles 230V 40A contactor,0
3” paint brush,0
3/16 Tube Extension-Service port,0
3/16” Tube Extension,0
3/4 220V fan motor,0
3/4 coopre pipe,0
3/4 copper coupler,0
3/4 copper pipe fittings,0
3/4 coupling,0
3/4 gas hose kit,0
3/4 Hp 115V LT Compressor,0
3/4 hp compressor is,0
3/4 inch PVC,0
3/4 male copper adapters,0
3/4 nipple,0
3/4 pvc 90's,0
3/4 pvc couplings,0
3/4 pvc fitting,0
3/4 pvc pipe,0
3/4 T,0
3/4 T pvc,0
"3/4"" 1/2"" redusers",0
"3/4"" ball valve",0
"3/4"" copper pipe",0
3/4” 90 degree elbow,0
3/4” 90 fittings,0
3/4” 90° Elbow,0
3/4” 90° pvc,0
3/4” adapter,0
"3/4” copper elbow, 2 pice",0
3/4” copper pipe,0
3/4” copper pipe 8’,0
"3/4” copper pipe,",0
3/4” Couplings,0
3/4” gas regulator,0
3/4” Gas Regulator MON1039-1,0
3/4” Gas Regulator REG001,0
3/4” Gas Regulator RV48CL-42,0
3/4” Gas Regulator RV48L,0
3/4” Gas Regulators DRR48N42-0306-3.5,0
3/4” Gas shut off Valve,0
3/4” hose clamp,0
3/4” Nylon Spacer,0
3/4” pipe cap,0
3/4” Quick connect hose kit,0
3/4” quick connects,0
3/4” regulator,0
3/4” shut off valves,0
3/4” T-Fitting,0
3/4” tee,0
3/4” Tee pvc fitting,0
3/4” x 2” black piping,0
3/4” x 4” threaded pipe,0
3/4” x 48” gas hose,0
3/4” x 48” Gas Hose kit 1675KIT48,0
3/4” x 48” gas hose quick connect kits,0
3/4” x 48” hose kits with all hardware,0
3/4” x 48” Quck Connect hose kit,0
3/4” x 48” Quick Connect Gas Hose Kit,0
3/4” x 48” Quick Connect Hose Kit 1675KIT48,0
3/4” x 90 black piping,0
3/4”x 1” Piping,0
3/4”x1” threaded pipe for spacer,0
3/4”x48” Gas hose Kit 1675KIT48,0
3/4”x48” Quick Connect Gas Hose Kit 1675KIT48,0
3/4”x48” Quick connect hose kits,0
3/4”x5/8” Flange Bushing,0
3/4”x6” gas pipe,0
3/4”x6” piping,0
3/4hp 220V condenser fan motor,0
3/8 6 ton filter dryer high acid,0
3/8 access port,0
3/8 brass cap,0
3/8 by 3/8 brass pipe fitting,0
3/8 C163S Filter drier,0
3/8 clamps,0
3/8 copper 2',0
3/8 copper 4',0
3/8 copper 5',0
3/8 copper acr,0
3/8 Copper pipe,0
3/8 copper tubing,0
3/8 coupling,0
3/8 line dryer,0
3/8 pipe,0
3/8 split inslation,0
3/8 to 1/4 inch copper bushing,0
3/8 tubing insulation.,0
3/8 vibration absorber,0
3/8 x 1/4 hose connector 90°,0
3/8?copper elbow,0
"3/8"" line drier",0
"3/8"" service tee",0
"3/8"" soft roll copper",0
"3/8"" vinyl tubing 30ft",0
3/8” 083 Filter drier,0
3/8” 45° Elbow,0
3/8” 90° Elbow,0
3/8” 90degree elbow,0
3/8” bi-flow filter drier,0
3/8” compress nut & compress sleeve,0
3/8” copper,0
3/8” copper elbow 3 pice,0
"3/8” copper elbow, 4 pice",0
3/8” copper pipe,0
3/8” copper pipe 4’ feet,0
3/8” copper pipe 6’ feet,0
3/8” copper pipe 9’,0
"3/8” copper pipe, 10’ feet",0
"3/8” copper pipe, 6’ feet",0
"3/8” copper pipe, 6”feet",0
3/8” copper tee,0
3/8” coupling,0
3/8” Coupling fittings,0
3/8” dryer,0
3/8” hard copper pipe,0
3/8” hose clamp,0
"3/8” kush clamp, 2 pice",0
3/8” liquid line leak fixed,0
3/8” Poly Plog In Elbow,0
3/8” Self tap Screws and Washers,0
3/8” Sight glass,0
3/8” Solenoid,0
3/8” Solenoid and Coil,0
3/8” solenoid valve,0
3/8” split pipe insulation,0
3/8” te service port,0
3/8” x 1/2” drain spout,0
3/8”/1/2” brass fittings,0
3/8”x 1’ hose,0
3/8”x 3’ Drain hose,0
3/8”x1/2” drain spout,0
3/8”x1/2” pipe insulation,0
3&1 compressor start components,0
3&1 start components,0
30 Amp fuse,0
30 mfd cap,0
30A 2 Poles 120V Contactor,0
30A 220V Contactor,0
30a 250v locking connector,0
30A 2poles Circuit Breaker,0
30A contactor,0
30A fuse,0
30x20x1 filter,0
35 watt cfm,0
35mfd run cap,0
36 4fc water filters,0
370ac run cap,0
3816 Fan blade,0
3hp motor,0
3M Filter CFS-9720ELS,0
3M special water filter,0
3M water filter,0
3N1# RCO210,0
3phase 460vac 3HP 1750 RPM motor part# 7-P56AC39A0 01,0
3side walk in cooler gasket,0
4-bx 55 belts,0
"4"" fan blade",0
4” 3/4” piping,0
40 amp contactor,0
40 amp fuse,0
40 mfd cap,0
40A 220V 3poles contactor,0
40A 230V 3 poles contactor,0
40a 240coil contactor,0
40A contactor,0
40X80” Strip Curtain,0
42495-1 turnbuckle sets,0
45 amp fuses,0
45 mfd cap,0
45 mfd run cap,0
45/5 dual run cap,0
"48"" 3/4 gas hose kit",0
"48"" 3/4 hose kits",0
"48"" gas hose kit",0
"48"" gas hose kits",0
4A7080G01 FLOAT SWITCH ASSY.,0
4G SD CARD,0
4hc-h,0
4Hc-H water filter,0
4kz r290,0
4L-300 Belt,0
4L220 belt,0
4L240 belt,0
4L270 belt,0
4L280 belt,0
4L290 belt,0
4L290 v-belts,0
4L430 belt,0
4L430 v-belt,0
4L510 belts,0
5 16/16/1 air filters,0
5 20x2 1 filters,0
5 5 “ strip curtain,0
5 HP 1750 RPM 230/460v 3 PH motor,0
5/16 Copper 90,0
5/16 inch copper tubing,0
5/16 screw,0
5/16 screws,0
"5/16"" flat washers",0
5/8 90' copper elbow,0
5/8 clear vinyl tubing,0
5/8 copper 90s,0
5/8 pipe,0
5/8 sight glass flare,0
5/8 to 7/8 bushing,0
5/8 vibration absorber,0
"5/8- 1/2"" flare fitting",0
"5/8"" drain line- 6in",0
"5/8"" tubing",0
5/8” 90degree elbow,0
5/8” copper elbow 3 pice,0
5/8” copper pipe 10’ feet,0
"5/8” copper pipe, 6’ feet",0
"5/8” copper pipe, 8’ feet",0
5/8” copper tee,0
"5/8” elbow, 4 pice",0
5/8” hard copper pipe,0
"5/8” P Trap, 3/8”and 5/8” copper fittings and brazing kit",0
5/8” pulley,0
5/8” x 3/4” pipe insulation,0
5/8”x3/4” insulation 10’ feet,0
5/8”x3/4” insulation tube 8’,0
5/8”x3/4” kush clamp 2pice,0
5/8”x3/4” wall insulation 12 feet,0
50 amp power plug,0
50 amp Receptacle,0
50’ of 18/8 tstat wire,0
50/7.5 uf run capacitor,0
500° Oven knob,0
50MM Control panel screw ALTSC-35259,0
5140C Fan Blade,0
55 MFD volt Run Capacitor Round,0
56SD-F temp display,0
5amp fuse,0
5mfd capacitor,0
5Pvc fittings,0
6” strip curtains,0
60 mfd cap,0
60/5 mfd run cap,0
60amp fuse,0
61 196 OEM 120v CW 2w Motor,0
61745 1 ph 24v 2 pole contactor,0
65411 evap motor,0
65411 motor,0
67-006,0
67439R hinge kit,0
6feet wires and conductor set,0
7 burner calves,0
7/8 3/4 pipe insulation,0
7/8 access port,0
7/8 copper coupling,0
7/8 copper tubing,0
7/8 pipe,0
7/8 sight glass,0
7/8” 45° Elbow,0
7/8” 90° Elbow,0
7/8” 90degree Elbow,0
7/8” and 3/8” pipes,0
7/8” split pipe insulation,0
7/8” x 3/4” insulation,0
7/8” x 5/8” Reducer,0
7FC,0
7fc filter,0
7FC filter cartridge,0
814 00 defrost timer.,0
8141 defrost clock,0
8141 Defrost timer,0
8145 Timer,0
8145-20 defrost clock,0
8145-20 timer,0
"821639 True Fan Motor Retrofit, 2 set",0
88-108mfd start cap,0
88-10fd start cap,0
8amp Fuse ALTFU-35475,0
9 watt 115v CW ball bearing motor,0
9 watt 115v CW ball bearing motor part# S55-411,0
9 watt 115v CW bañl bearing motor part# S55-411,0
9 watt 115v CW bearing motor,0
9 wire connectors,0
90203 switching relay,0
90degree copper elbow,0
90degree Elbow (7/8-3/8),0
9721 fan motor,0
9721 motor,0
974930 gasket,0
998003401 rotor lock adapter,0
998003415 rotor lock adapter,0
9W 115V Condenser fan motor,0
9w 115V CW Condenser fan motor,0
9W 115V Fan Motor,0
9w 115V Square Fan Motors,0
9w shaded pole motor,0
9watt base ball motor,0
A12 1560 temp controller,0
A12-1560,0
A12-1560 thermostat,0
A121560 T-stat,0
a19 tstat,0
A20 v-belts,0
A25 belts,0
A25 v-belts,0
A26 v-belts,0
A35 Belt,0
A37 belts,0
A38 v-belt,0
A39 belt,0
A40 Supergrip belt,0
A41 Belts,0
A41 v-belts,0
A43 belt,0
A44 belt,0
A47 belt,0
A48 belt,0
A49 belt,0
A50 belt,0
A52 belt,0
A52 belts,0
A55 belt,0
A55 belts,0
A67 belts,0
Ac Unit Air filters 20*25*2,0
Ac Unit Aur Filter,0
"access 1/4"" valves",0
access port,0
ACME 700 motor,0
acr 1/2pipe,0
Aerotape,0
air flow vents,0
air mixer plates,0
Aluminum Tubing 1/4” x 2’,0
AP griptwist belts,0
arctic pure K00337 water filter,0
Artic Manitowoc Water Filter,0
artic pure K00337 water filters,0
AS22 watrr base sealer,0
aux relay,0
ax 20 belts,0
AX 23 belt,0
AX-49 belt,0
AX-52 belt,0
AX20 belt,0
AX21 belt,0
AX22 belt,0
AX23 belt,0
AX23 V-Belts,0
AX24 belts,0
AX25 belt,0
AX31 belt,0
AX32 V-Belts,0
ax3425yxa compressor,0
AX35 belt,0
ax36 belt,0
AX38 belts,0
AX39 belt,0
AX40 belt,0
AX41 Supergrip belt,0
AX49 belts,0
AX51 belt,0
AX52 belt,0
AX53 belt,0
AX54 belt,0
AX55 belt,0
B-25 Belts,0
B36 belts,0
B69 v-belts,0
B70 belts,0
B70 v-belts,0
ballast,0
BC 3 Capillary Tube,0
BC3 Capilarry Tu,0
BC3 capillary tube,0
Belts,0
belts for exhaust fans and Ac units,0
bin switch,0
Blackhawk coil cleaner,0
Blackhawk spray,0
Blast chiller door gasket,0
blower aux limit switch,0
blower motor,0
blower motor bracket,0
Blue and Grenn Nu chemical,0
blue defrost sensor,0
Board,0
bohn 23106301 mourn,0
bohn 5101b fan blade,0
Bohn Condensing unit,0
Bohn fan motor mount bracket,0
bolt,0
bolts and nuts,0
BPV 31,0
braze,0
Brazing kit,0
bullet Piercing valve,0
bullet piercing valves part# BPV31,0
bullet valve,0
buner valve flow vents,0
Bunn faucet,0
burner box assembly,0
Burner chrome knobs MON2002-8,0
Burner gas valve,0
Burner gas valve assemblys,0
burner gas valve stems and springs,0
Burner gas valves 4330-3,0
Burner gas valves MON2406-6,0
Burner Gas Valves MON4330-3,0
Burner gas Valves SOU1178202,0
Burner knobs,0
Burner knobs 2002-8,0
Burner knobs MON2002-8,0
Burner knobs pn:SOU1189600,0
Burner valve handles,0
Burner valve knobs MON2002-8,0
Burner Valves 1056-1,0
Burner Valves 4330-3,0
Burner valves MON4330-3,0
BX-37 Belts,0
BX25 belts,0
BX30 belts,0
BX30 V-belt,0
BX45 belt,0
BX46 belt,0
BX68 belt,0
BX69,0
c frame motors,0
c-052 -hh drier,0
c-83s drier,0
C02,0
C032capt drier,0
C052s drier,0
C053 drier,0
C163s drier,0
C53 Drier Filter,0
cab nu bright,0
cap drier,0
carrier blower assembly,0
cfm,0
CFM blade,0
Chemical cleaner,0
Circuit test cfa11512038hb fan,0
Circulation pump run by electric motor,0
clips pn:pe63019-3,0
CO2,0
Coil cleaner,0
Complete drain assemblys,0
Compressor,0
Compressor (Ice o matic),0
Compressor for beverage wic under warranty,0
Compressor plug,0
Compressor potential relay,0
Compressor relay,0
Compressor run capacitor,0
Compressor start components set,0
compressor super boost,0
Condensate Drain Pan,0
Condensate pump,0
condenser chemical cleaner,0
condenser cleaner,0
Condenser drain pan,0
Condenser fan motor,0
Condensing unit,0
Condensing unit chemical cleaning,0
condensing unit cleaning,0
Condensing unit closure,0
condensing unit fan blade,0
Condensing unit fan motor,0
Condensing unit water cleaning,0
conduit 90,0
connecter,0
connector float switch,0
contactors,0
Control board,0
control knobs,0
control temperature kits,0
Cooling piping and brazing kit,0
cooper pm120 display,0
Copelamd Potential telsy #940-000 55,0
copeland 039-0026-06 transducer,0
copeland 943015500 controller,0
copeland cf06k6e-pfv compressor,0
Copeland Compressor,0
Copeland condensing Unit,0
copeland crpq-045e -pfc-970 compressor,0
Copeland R404A Compressor,0
Copeland rst64c1e compressor,0
copeland zr72ce-tf5 -950 compressor,0
Copeland zs15kae-pfv,0
copper tubing,0
Coupling,0
Coupling fittings,0
curtain case,0
Curtain switch,0
custom gasket,0
Custom made 4side door gaskets,0
Custom made 4side drawer gaskets,0
Custom made door gaskets,0
Custom made drawer gaskets,0
Custom made gaskets,0
Custom made screw in door gaskets,0
custom made screw in gasket,0
Custom made unit drawer gaskets,0
CW fan blades,0
dayton 1tdu4a motor,0
Dayton Blower,0
defrost heater,0
defrost sensor,0
defrost termination sensor,0
Defrost timer,0
Defrost Timer DT,0
Defrost Timer GM40AV,0
Degreaser,0
Dictator 1600 Door closer,0
Digital Controller,0
Digital defrost timer,0
Digital temp controller,0
Digital thermostat,0
dil 4153 water flaot,0
Display,0
Display screen,0
Display thermometer,0
Dixell 120V controller,0
Dixell 120V digital controller,0
Dixell 120V Digital tem controller,0
Dixell 120V Temp Controller,0
Dixell 120V Universal controller,0
Dixell Condensing unit controller,0
Dixell CR60CX-5N2F UR,0
Dixell digital controller Probe,0
Dixell sensor,0
Dixell Temp Probe,0
Dixell temp sensor,0
Dixell transducer kit,0
Dixell XH10P Relative Humidity Probe,0
Dixell xR60 (120V) Digital Temp Controller,0
Dixell XR60CX 120 volt controller,0
Dixell xr60cx controller,0
Door and door gasket,0
Door and Drawer gaskets,0
Door chain assembly,0
Door closer,0
Door closure magnets,0
Door frame heater,0
Door gasket,0
Door gaskets & 2 drawer gaskets,0
Door Gaskets 20.02.551P,0
Door handle latch and push out set,0
Door handle screws,0
,0
Door hinges,0
Door latch,0
Door latch strike,0
Door lock,0
Door s hooks,0
Door shutter,0
Door strip curtain,0
Door Switches 4519715,0
Drain cover heater,0
Drain flange,0
Drain Heater,0
Drain line cleaning,0
Drain line heater,0
Drain line piping and brazing kit,0
Drain pan,0
Drain pipe,0
Drain tube,0
Drain valve,0
Drawer,0
Drawer Gaskets,0
Drawer trackers,0
Drawer wheels,0
Drawers rail brackets (left and right),0
Drier filter,0
Drier filter (ice o matic),0
DTVA40 Defrost timer,0
Dual Pressure Controller,0
Dual side blower TC12,0
dump valve,0
Duroblock,0
EBM evaporator fan,0
ec4511e evap motor,0
ec5411e motor,0
ecm 5411e motor,0
Ecm fan motor#SSC4H18FF5663,0
ek 83s drier,0
ek163s drier,0
Ek32s drier,0
ek32s vap drier,0
ek53s drier,0
ek83s drier,0
Elco condenser fan motor,0
electrical outlet,0
emberaco nj2212gj compressor,0
emerson 16E09 tempature control,0
Emerson 16e09-101 controller,0
Emerson Digital Temp controller,0
Encoder update kits M234450K,0
evap cleaner,0
evap coil,0
evap fan blade with hub,0
evap fan motor true oem,0
evap motor,0
evap sensor,0
Evaporator blower,0
Evaporator cleaning,0
Evaporator Coil,0
evaporator fan blade,0
Evaporator fan motor,0
evaporator fan motor cover,0
Evaporator temp sensor,0
Evaporator Unit,0
everpure 151120 gasket,0
Exhaust pipes ALT5014930,0
fan blade,0
Fan cycle switch,0
fan guard,0
Fan Motor,0
fan motor bracket,0
fan motor capacitor,0
fan rocker swithes,0
Fasco 9721,0
fasco 9721 motor,0
fasco 972 motor,0
fasco d132 motor,0
Faucet,0
fayton 4wt46 motor,0
female wire connector,0
ffap-a17z-cfv-072 condensing Unit,0
Fiberglass push rod,0
filter 20×20×2,0
filter dryer,0
Flex lines for pressure control,0
FLNR 30 amp fuse,0
float assembly,0
float switch,0
float valve,0
flow hmi-1fm3 sight glass,0
foam sealer,0
foot 3/8 copper tubing,0
foot insulation tape,0
foot of Kflex insulation,0
FRN-R-30 fuse,0
Front pilots pn:1177447,0
fronts of drawers,0
Gap Seal,0
Gas burner valves MON4330-3,0
gas hose kit 48”,0
Gas sol valve pn:MD2809 0017,0
Gas Valve Assemblys,0
GAS VALVE BURNERS MON1007-3,0
gas valve knobs,0
Gas Valve Knobs MON2002-8,0
gasket full DEL 1701901,0
gasket pn:05-702,0
Gasket pn:05-712,0
gasket pn:05-750,0
gasket pn:27-070,0
gasket pn:6 603,0
Gaskets,0
gaskets pn: MOFM232666,0
gaskets pn:05-703,0
gaskets pn:17-653,0
gaskets pn:26-365,0
gaskets pn:27-030,0
gaskets pn:6 099,0
gaskets pn:6 603,0
gaskets pn:61619,0
gaskets pn:PE66237-13,0
gaskets silver king special order,0
gb gsw41 light switch,0
ge 05470 motor,0
Glass door for walk in cooler,0
Glass door handle,0
glycol,0
GM40AV Defrost timer,0
gmv40av defrost timer,0
gra fm/1stuz 120v defrost,0
graasline gmav40 timer,0
grassline dtav40,0
grassline dtav40 defrost,0
grassline dtav40 timer,0
grassline gmav40 defrost,0
grassline gmav40 timer,0
green air sensor,0
guage Power Cord,0
h-48filter core,0
Half hp compressor,0
harvest motor,0
hasket pn:53:301,0
hdx hd-588-547 cord,0
heat shield pn:VOLXCBR9002,0
heatcraft coil,0
Heatcraft evaporator drain pan,0
heatcraft sensor,0
hf60-cls,0
High Limits,0
High Pressure Pump Oil 720-039,0
Hinge Cover RHS 43-267,0
hls60cls water filter,0
honeywell 6000 thermostat,0
honeywell 8000 thermostat,0
Honeywell Pro Thermostats part# TH6220U2000,0
honeywell t6 pro thermostat,0
HOS384353G01 cleaning valve,0
hose adapters to 3/8,0
Hose clamp,0
hose kits 3/8,0
Hoshizaki drain pump,0
Hoshizaki float switch,0
Hoshizaki Ice Bin Sensor,0
Hoshizaki ice bin thermostat,0
hoshizaki ice machine springs,0
Hoshizaki water filter,0
hot gas valve,0
hot side connector,0
hot side Terminal repair connectors,0
hozhizaki 4hc-h water filter,0
hozhizaki bin control switch,0
hozhizaki txv,0
hozhizaki water filter,0
hozhizaki water pump,0
hozhizaki water valve,0
hussmann coil,0
i2000 water filters,0
i4000 water filter,0
Ice bin sensor,0
Ice Machine Prefilter,0
Ice Machine Water filters,0
ice machine water pump,0
Ice thickness probe,0
ice thickness sensor,0
icm 203 time delay,0
icm 866u-lf start kit,0
icm u886 start kit,0
icm886u start kit,0
id cap tube,0
ignition controller pn: MOFM234459,0
ilet terminal connectors,0
inlet valve 230v,0
Insularion,0
,0
insulation,0
INSULATION board,0
Insulation tape,0
intermatic fm1stuz-120u defrost,0
intermatic fm1stuz-120u timer,0
Ir burner boxes pn: 1183246,0
J-box,0
jade gas valve,0
jard 15411 motor,0
jard9w motor,0
jc 70 lb dual pressure switch,0
JC A19 temp controller,0
jc A19-2 bc,0
jc a19abc-24c temp controller,0
jc a42 abd temp controller,0
JC A421 -abd,0
,0
jc a421abd temp controller,0
jc a421abd-2c temp controller,0
jc p100ap-4c fan cycling switch,0
jc p170 dual pressure control,0
jc p170 dual pressure switch,0
jc p70 low pressure control,0
jc p70lb dual pressure control,0
Junction box and on/off switch,0
kason 1094-1 door closer,0
kason door closer,0
Kason Door Hinge(s),0
Kason Light,0
Kason light switches part# 11908000603,0
ke2 20611 temp controller,0
ke2 temp +defrost controller,0
Klixon switch,0
Knobs MON2002-8,0
knobs pn:MOFM234447,0
L prefilter,0
lae abri28 remote display,0
lae bri-25 controller,0
lbc control board 40102-63-rev-t,0
leak check with nitrogen,0
Leak fixing,0
Leak repair,0
leak sealent,0
led light bulb,0
left side torque sensor circuit board,0
leqk sealent,0
light bulbs,0
light switch,0
line drier,0
Liquid line drier filter,0
liquid line filter,0
liquid line filter with integral service port,0
Liquid line service port,0
little giant 550521 pump,0
lock chemical,0
Low pressure control p70am-2c,0
Low pressure controller,0
Low pressure service port,0
Low pressure switch,0
M099 Refrigerant,0
Magnetic Door switch,0
manitowac 009122 valve,0
manitowac 009123 valve,0
manitowac 08309 board,0
manitowac 09123valve,0
manitowac 2006199 board,0
manitowac 2007939,0
manitowac 7603243 txv,0
manitowac curtain switch,0
Manitowoc 115V water inlet valve,0
Manitowoc CFM (under warranty),0
Manitowoc Control Board,0
Manitowoc ice machine control board,0
Manitowoc Ice thickness sensor,0
Manitowoc water inlet valve,0
Manitowoc water level probe,0
Manitowoc water pump,0
marathon h682 motor,0
mars 00807 motor,0
mars 10728 motor,0
mars 10731 motor,0
mars 10850 motor,0
Mars 10851 Azure fan motor,0
mars 10851 motor,0
mars 1085 motor,0
mars 10891 motor,0
Mars 115/230V Condenser fan motor,0
MARS 15-35 low pressure switch part# 43344,0
mars 20211 drier,0
mars 2021 drier,0
Mars 20729 motor,0
Mars 20731 cfm,0
mars 21755 contactor,0
mars 21781 pump,0
mars 21784 condensate pump,0
mars 43331 high pressure switch,0
mars 43344 low pressure switch,0
mars 50354 transformer,0
mars 61430 contactor,0
mars 61447 contactor,0
mars 61657 contactor,0
Mars 70722 heater,0
mars 71657 contactor,0
mars 90294 relay,0
mars 90295 switching relay,0
mars 90341 relay,0
mars 91423 contactor,0
mars h682 motor,0
Mars low pressure switch part# 43344,0
Mars run capacitor # 12223,0
maxi orange water pump,0
MAXIBLUE 115v condensate pump,0
MAXIBLUE 120v condensate pump part# 22350062 36881,0
MERV10 filters,0
MERV8 filters,0
metall grill,0
mfd run cap,0
mkc1 solenoid coil,0
MO99 Refrigerant,0
motor bracket,0
motor pully,0
mounting bracket,0
mounting plate,0
Nitrogen,0
Nitrogen kit,0
Nitrogen leak check,0
Nitrogen Pressure check,0
Nitrogen pressure test,0
Noise jackets,0
nu bright foam,0
Nu Calgon ice machine cleaner,0
Nu Chemical cans,0
Nu-Brite coil cleaner,0
Nu-Calgon 6-15 ton leak seal/leak dye part# NCLSUV15,0
OEM bearings,0
OEM blower wheel,0
OEM CDS gaskets,0
OEM CFM’s,0
OEM circuit baord,0
OEM compressor part# TSF4.5CLX,0
OEM dump valve,0
OEM Front Cam Assembly part# GBR00969,0
OEM GASKETS PN:true810764,0
OEM ice thickness sensor,0
OEM inlet valve,0
oem pitco drain valve nipple,0
oem pitco high limit,0
oem pitco pilot assembly,0
oem pitco t-stat,0
OEM pump,0
oem pump po used amc Sunnyvale,0
oem thermoplile,0
OEM water pump assembly,0
On/Off Box,0
On/Off Switch ,0
Open top valves pn:1178202,0
Oval Run Capacitor,0
Oven knobs,0
Oven Legs 2844 6,0
Oven on & off switch 115v,0
Oven pilot assembly,0
Oven Racks 6010.2101,0
Oven racks pn:ALTSH-22584,0
Oxy acetylene,0
packard 65411 motor,0
packerd 65670 motor,0
paint brush,0
paragon 814-00defrost timer,0
Paragon 8145-20 Defrost timer,0
pe67439R right hindge kit,0
pe68872 fan motor,0
Penn single pole single throw thermostat,0
Penn Thermostat,0
Pentair Everpure i20002 water filter,0
Perlick Bar Cooler’s Coils,0
Perlick door hinge’s bolt,0
phillips XI100C410V024FNS1M led driver,0
Pieces Stainless Steel 8” x 8”,0
piercing port,0
Piercing valve,0
pigtail plug,0
Pilot Adjustments 1055-3,0
Pilot Assemblies 03583-1,0
Pilot Assembly MON3583-1,0
pilot assembly salamander,0
pilot assemblys,0
Pilot Assemblys 03583-1,0
pilot salamander pn:1182628,0
pilot tube,0
pilot tube assemblys,0
Pilot tubing nuts 02202-0,0
Pilots 03583-1,0
pint simple green cleaner,0
pipe clamp,0
Pipe connectors,0
pipe insulation,0
Pipe service port,0
pitco drain tubes,0
pitco oem drain vapve nipple,0
Pitco piliot assembly,0
pitco thermopile,0
pkd 5411ec motor,0
pkd 65411 motor,0
pkd 6541motor,0
pkd 65670 fan motor,0
pkd 65811 motor,0
pkd 67670 motor,0
pkd ec5411 motor,0
pkd ec5411c2 motor,0
pkd ec5411e motor,0
pkd ec541motor,0
plastic strap clamps,0
poe oil,0
poe32 oil,0
potential relay,0
pound of 134a,0
power assembly,0
power cord,0
pra3381003,0
Pre assembled evap coil,0
Pre filter cartridge,0
Prefilter,0
Prefilter long,0
Pressure switch,0
Pressure transducer,0
Pressure with nitrogen,0
Pressured nitrogen leak check,0
procon e80 pump,0
Procon pump,0
pump motor assy,0
purge valve,0
Push handle,0
PVC drain trap,0
PVC tee,0
R134A Refrigerant,0
R22 Refrigerant,0
R290 Refrigerant,0
R290A Refrigerant,0
R404 Refrigerant,0
R404A Refrigerant,0
R410a compressor,0
R427a Refrigerant,0
R438a Refrigerant,0
R440a Refrigerant,0
R448 Refrigerant,0
R448A Refrigerant,0
Rack Support Sets 60.62.123,0
Ranco 12A-1560 Thermostat,0
ranco a12-1560 controller,0
ranco etc 1100 thermostat,0
Ranco Low pressure controller,0
ranco temp controller,0
Ranco Thermostat,0
Randell door gasket,0
Randell prep cooler doors,0
Randell prep cooler evaporator drain pan,0
Rational Knobs 16.03.756P,0
RC0210 hard start kit,0
Read Display Thermometer,0
rear pilots pn:1177448,0
red big wire nut,0
Refrigerant recovery,0
relay oem pn:STA2E-Z3335,0
Relief port Heated,0
Right door bottom hinge,0
right hand door closer,0
ro88 board,0
Rocker switch,0
roll of mastic tape part# FOIL GRIP 1402,0
rpe-48-bd suction core,0
Rubber O-ring,0
Run capacitor,0
Russel evaporator room temp sensor,0
Russell evaporator evap temp sensor,0
S-30water valve,0
Sae Branch (T connector),0
Safety valve 00-962067-0KIT1,0
Safety Valves,0
Schrader valve,0
schreder core,0
Scotchbrite pad,0
screder core,0
screder valve core,0
screw,0
Screw in cooler door gaskets,0
Screw in cooler drawer gaskets,0
Screw in door gasket,0
Screw in drawer gaskets,0
Screws,0
Screws for bracket PTPP11366,0
SDD Hoses 73552,0
sea cp804hd condensate pan,0
Sea cp815 pan,0
Seaport custom cooler door gaskets,0
Season Treat for water tank,0
Self contained unit door gaskets,0
Selonoid set(body and coil 220V),0
Service ports,0
Shelves for BB60&BB84 coolers,0
shld-u4 lovking cap,0
Shraeder port,0
Shraeder service port,0
Shraeder valve,0
Silicone,0
silicone hose,0
Silicone water hose,0
simple green cleaner,0
Single water filter assembly,0
SJ CABLE,0
SJT Cord,0
sliding wheel,0
Small fan motor blade,0
Soap bubbles bottle,0
soft 1/4” pipe,0
soft 3/8” pipe,0
Solenoid coil,0
Solenoid coil (Coolrite),0
Solenoid valve,0
Solenoid valve (Coolrite),0
Southbend burner gas valves,0
Sp6 Super booster,0
SPDT temp control,0
Specail order shelves for MFV24 glass freezer,0
Special order shelves for BB36 cooler,0
Speed control board,0
spo c032s cap drier,0
spo-c163s drier,0
"SPO-ofe-1 oil filter,1gal poe oil",0
sporlan c032-capt drier,0
sporlan c032s drier,0
sporlan c083s drier,0
Sporlan C163S DIRER,0
sporlan c32s cap drier,0
sporlan mkc-1solenoid coil,0
sporlan sbfde-a-z txv,0
sporlan sbfde-a-zp txv,0
sporlan sbfse-a-c txv,0
sporlan txv,0
sporlan-ebfs-aa-c txv,0
Spray Foam,0
spring amortisseurs and nuts -washer kit,0
springs,0
Square Rubber bloke,0
Square Unit bearing motor 115v pn:PSQ9CW115,0
Start capacitor,0
steel braided hose,0
stick of dye,0
supco 0210 start kit,0
supco 1000watt condenstae pan,0
Supco 115v 4.5 qt condensate drain pan part# CP804,0
Supco 208v codnensate drain pan part# CP821,0
supco bc3 cap tube,0
supco bv31 percing valve,0
Supco Condensate drain pan,0
supco cp802 pan,0
supco edt11 defrost timer,0
supco rc0210 start kit,0
supco sea cp821 condensate pan,0
supco slp2565 pressure switch,0
Supco slp520 low pressure switch,0
supco sm670 motor,0
supco spp8e start kit,0
supco uet120 defrost,0
supco0210 start kit,0
sys d4120w smoke detector,0
sys dst1 sampling tube,0
t-stat oven,0
tacr 3/8 copper pipe,0
Tank Nitrogen,0
tc900e controller,0
tceumseh a4440yxa compressor,0
Te fittings (7/8-3/8),0
tec ae4440yxa compressor,0
Tecumseh 1/3Hp Compressor,0
tecumseh a4440y compressor,0
tecumseh ae4440uxa compressor,0
tecumseh ae4440y compressor,0
tecumseh ae4440y-aa1a compressor,0
tecumseh ae4440yxa compressor,0
tecumseh ae4450z-aa1a compressor,0
Tecumseh compressor,0
Tee connector,0
Temp sensor,0
Terminal wire connectors,0
thermocouple,0
Thermocouples 00-412788-00048,0
Thermocouples 1980-060,0
Thermometer and temp probe,0
Thermometer and temp sensor,0
Thermopiles,0
Thermostat,0
Thermostat assemblys 0106 8,0
Thermostat Dials 30294-5,0
Thermostat Exp Valve,0
Thermostat kits 3499-1,0
thermostat knobs,0
Thermostat knobs 1024-3,0
Thermostat knobs MON1977-1,0
Thermostat knobs Z003908,0
Thermostat part# TH6220U2000,0
Thermostats BKP2T-M1192A,0
torque sensor circuit board,0
Traulsen blowers and run capacitors,0
traulsen door gasket,0
Traulsen temp sensor,0
Traulsen Temperature Sensors,0
true 810764 gaskets,0
true 810810 gasket,0
true 870837 hinge kit,0
true 870838 hinge kit,0
true 921847 wheels,0
True cooler drawer wheels,0
True Door gaskets,0
true door hinge,0
True door hinge (for ice bin),0
True Door hinges,0
True evap fan mount kit,0
True evaporator coil,0
true fan assembly,0
True Freezer Air temp probe,0
True freezer drain heater,0
true gasket,0
true lae bri-28controller,0
true shelf clips,0
true-870837 hinge kit,0
true801849 heater,0
true807408 Defrost sensor,0
true807409 Air sendor probe,0
true811501 drain flange,0
true870837 hinge kit,0
true932588 gasket,0
true946726 motor,0
Tubeaxial Evap Fan Motor,0
Tubeaxial fan 115V 24/22W,0
Turbo coil’s blowers,0
TXV,0
TXV (AAA) for R22 refrigerant,0
TXV for R404a refrigerant,0
U/C cooler door gaskets,0
UmSR 50 ptc relay,0
under warranty txv and drier,0
universal 1 HP blower motor,0
universal 120v Dixell controller,0
universal 24v solenoid coil,0
universal controller and sensor,0
universal motor bracket,0
universal reversing valve,0
Used Dixell Cond controller (No charge),0
Valve knobs,0
Vinyl pipe,0
Viper coil cleaner,0
Vipor condesner coil cleaner pack part# RT330V,0
Vulcan thermocouple assembly,0
W1G200-EC9 47 fan,0
wago conectors,0
wago wire connectors,0
Walk in cooler custom made gasket,0
Walk in cooler door closer,0
Walk in cooler door gasket,0
Walk in cooler door sweep,0
Walk In cooler screw in door gasket,0
Walk in door closer,0
Walk in door gasket,0
Walk in Freezer door curtain,0
Walk in freezer door gasket,0
Walk in freezer door heater,0
Walk in freezer relief port,0
Walk in t-stat,0
Walk-in curtains,0
Warmer control knobs WEL2R-44373,0
Water based duct sealant part# DP 10101G,0
Water curtain,0
Water Filter,0
Water filter I2000,0
Water inler valve,0
Water Inlet hose,0
Water inlet line hose,0
Water pressure regulator,0
Water valve 1261440,0
Water valve 1261840-00,0
weiss 24dtl 4f1,0
Wells Knobs WEL2R-40498,0
whi 16e09-101 temp controller,0
WIC custom made door gasket,0
wicking pads,0
WIF door gasket,0
WIF door heater,0
WIF door latch,0
Wire conector,0
wire nuts,0
wood for condensing unit installation,0
york yp s102424115018 motor,0
york yp s102635587000 blade,0
yp 102632623700 blower wheel,0
yp s132547851000 gas valve,0
zip tie,0